Datetime,Water Level (m)
2025-02-21 12:00:00,0.0015894062
2025-02-21 13:00:00,0.0014492972
2025-02-21 14:00:00,0.0012687617
2025-02-21 15:00:00,0.0010340062
2025-02-21 16:00:00,0.00088384823
2025-02-21 17:00:00,0.0006544909
2025-02-21 18:00:00,0.000468596
2025-02-21 19:00:00,0.00058826554
2025-02-21 20:00:00,0.0007815995
2025-02-21 21:00:00,0.0009557253
2025-02-21 22:00:00,0.0009473118
2025-02-21 23:00:00,0.0010930831
2025-02-22 00:00:00,0.0014536049
2025-02-22 01:00:00,0.0015530561
2025-02-22 02:00:00,0.0015262751
2025-02-22 03:00:00,0.0015689862
2025-02-22 04:00:00,0.0015132779
2025-02-22 05:00:00,0.001555835
2025-02-22 06:00:00,0.0016000633
2025-02-22 07:00:00,0.0018647199
2025-02-22 08:00:00,0.0023980532
2025-02-22 09:00:00,0.0030649218
2025-02-22 10:00:00,0.0032006497
2025-02-22 11:00:00,0.002410497
2025-02-22 12:00:00,0.0020224513
2025-02-22 13:00:00,0.002014692
2025-02-22 14:00:00,0.0037002522
2025-02-22 15:00:00,0.0036997597
2025-02-22 16:00:00,0.001990611
2025-02-22 17:00:00,0.0013913875
2025-02-22 18:00:00,0.0018408184
2025-02-22 19:00:00,0.001687669
2025-02-22 20:00:00,0.0015177041
2025-02-22 21:00:00,0.001413471
2025-02-22 22:00:00,0.0015057315
2025-02-22 23:00:00,0.0014686438
2025-02-23 00:00:00,0.0012289642
2025-02-23 01:00:00,0.0019112163
2025-02-23 02:00:00,0.0015142362
2025-02-23 03:00:00,0.0013624001
2025-02-23 04:00:00,0.001257253
2025-02-23 05:00:00,0.0014536943
2025-02-23 06:00:00,0.0018576545
2025-02-23 07:00:00,0.0019337977
2025-02-23 08:00:00,0.00201651
2025-02-23 09:00:00,0.0025075495
2025-02-23 10:00:00,0.0032489253
2025-02-23 11:00:00,0.00334533
2025-02-23 12:00:00,0.0018348325
2025-02-23 13:00:00,0.0019900296
2025-02-23 14:00:00,0.0017317864
2025-02-23 15:00:00,0.0016823655
2025-02-23 16:00:00,0.002258413
2025-02-23 17:00:00,0.0022456949
2025-02-23 18:00:00,0.0021966624
2025-02-23 19:00:00,0.002053474
2025-02-23 20:00:00,0.0019862454
2025-02-23 21:00:00,0.0019422312
2025-02-23 22:00:00,0.0022417693
2025-02-23 23:00:00,0.0020589395
2025-02-24 00:00:00,0.0019680813
2025-02-24 01:00:00,0.0018068197
2025-02-24 02:00:00,0.0019236059
2025-02-24 03:00:00,0.0020040837
2025-02-24 04:00:00,0.0021579883
2025-02-24 05:00:00,0.0023451638
2025-02-24 06:00:00,0.0025907797
2025-02-24 07:00:00,0.0028978274
2025-02-24 08:00:00,0.003052582
2025-02-24 09:00:00,0.0033744988
2025-02-24 10:00:00,0.0038550897
2025-02-24 11:00:00,0.0036530402
2025-02-24 12:00:00,0.0029239391
2025-02-24 13:00:00,0.0029084838
2025-02-24 14:00:00,0.0031298797
2025-02-24 15:00:00,0.0030350478
2025-02-24 16:00:00,0.0030780127
2025-02-24 17:00:00,0.003005058
2025-02-24 18:00:00,0.0026106
2025-02-24 19:00:00,0.0022293376
2025-02-24 20:00:00,0.0020445194
2025-02-24 21:00:00,0.002588984
2025-02-24 22:00:00,0.0024880734
2025-02-24 23:00:00,0.0021193027
2025-02-25 00:00:00,0.0018632042
2025-02-25 01:00:00,0.0019440738
2025-02-25 02:00:00,0.0018726556
2025-02-25 03:00:00,0.0020786594
2025-02-25 04:00:00,0.002293775
2025-02-25 05:00:00,0.002544298
2025-02-25 06:00:00,0.0029050617
2025-02-25 07:00:00,0.003156205
2025-02-25 08:00:00,0.0033102448
2025-02-25 09:00:00,0.0037049665
2025-02-25 10:00:00,0.003702319
2025-02-25 11:00:00,0.0032110265
2025-02-25 12:00:00,0.0027825432
2025-02-25 13:00:00,0.0026475214
2025-02-25 14:00:00,0.0030416618
2025-02-25 15:00:00,0.0030231809
2025-02-25 16:00:00,0.0027593416
2025-02-25 17:00:00,0.002354368
2025-02-25 18:00:00,0.0022263722
2025-02-25 19:00:00,0.0017699489
2025-02-25 20:00:00,0.0020350963
2025-02-25 21:00:00,0.0017776422
2025-02-25 22:00:00,0.0017211508
2025-02-25 23:00:00,0.0014468996
2025-02-26 00:00:00,0.0012254005
2025-02-26 01:00:00,0.0010373243
2025-02-26 02:00:00,0.0010961704
2025-02-26 03:00:00,0.0011532184
2025-02-26 04:00:00,0.0013375931
2025-02-26 05:00:00,0.0016198457
2025-02-26 06:00:00,0.0021025164
2025-02-26 07:00:00,0.0027244834
2025-02-26 08:00:00,0.002893658
2025-02-26 09:00:00,0.0028420263
2025-02-26 10:00:00,0.002532794
2025-02-26 11:00:00,0.001958577
2025-02-26 12:00:00,0.0013941078
2025-02-26 13:00:00,0.0012831728
2025-02-26 14:00:00,0.0013471786
2025-02-26 15:00:00,0.0017655862
2025-02-26 16:00:00,0.0014013185
2025-02-26 17:00:00,0.0016128317
2025-02-26 18:00:00,0.0019278438
2025-02-26 19:00:00,0.0019866615
2025-02-26 20:00:00,0.0024514552
2025-02-26 21:00:00,0.0023310154
2025-02-26 22:00:00,0.0018542757
2025-02-26 23:00:00,0.0013246144
2025-02-27 00:00:00,0.0013116562
2025-02-27 01:00:00,0.00081524986
2025-02-27 02:00:00,0.00057348394
2025-02-27 03:00:00,0.0010112494
2025-02-27 04:00:00,0.0011353635
2025-02-27 05:00:00,0.0017779763
2025-02-27 06:00:00,0.0021939655
2025-02-27 07:00:00,0.0029351553
2025-02-27 08:00:00,0.0033612286
2025-02-27 09:00:00,0.0029888793
2025-02-27 10:00:00,0.0027593228
2025-02-27 11:00:00,0.0017227051
2025-02-27 12:00:00,0.0010582517
